{
	"partitions" : [
		{
			"name" : "Top",
			"pins" : [
				{
					"name" : "count[0]",
					"strict" : false
				},
				{
					"name" : "count[1]",
					"strict" : false
				},
				{
					"name" : "count[2]",
					"strict" : false
				},
				{
					"name" : "count[3]",
					"strict" : false
				},
				{
					"name" : "count[4]",
					"strict" : false
				},
				{
					"name" : "count[5]",
					"strict" : false
				},
				{
					"name" : "count[6]",
					"strict" : false
				},
				{
					"name" : "count[7]",
					"strict" : false
				},
				{
					"name" : "clk",
					"strict" : false
				},
				{
					"name" : "ip_sig",
					"strict" : false
				}
			]
		}
	]
}